--employees
INSERT INTO PERSON values ('abc170030', 'Brian', 'S', 'Kopecky', 22, 'Male', '123 Main St.', 'Whoville', 'TX', 75094, '214-555-5555', 'brian@gmail.com');
INSERT INTO PERSON values ('hxc123456', 'Hellen', 'K', 'Cole', 25, 'Female', '124 Main St.', 'Whoville', 'TX', 75094, '214-565-5755', 'hellen@gmail.com');
INSERT INTO PERSON values ('xqc123458', 'John', 'Q', 'Smith', 55, 'Male', '123 Jack Dr.', 'Paris', 'TX', 75594, '469-554-5655', 'john@gmail.com');
INSERT INTO PERSON values ('mkp170430', 'Milan', 'K', 'Patel', 19, 'Male', '3455 Hoolap Ct.', 'Jamp', 'MA', 456662, '943-545-5575', 'milan@gmail.com');
INSERT INTO PERSON values ('tcs170530', 'Travis', NULL, 'Scott', 24, 'Male', '125 Main St.', 'Plano', 'TX', 75082, '214-665-5095', 'travis@gmail.com');
INSERT INTO PERSON values ('blj170430', 'Brandon', 'L', 'Jennings', 44, 'Male', '3455 Down Ct.', 'Plano', 'TX', 75082, '972-666-6666', 'brandon@gmail.com');
INSERT INTO PERSON values ('sxs170050', 'Sarah', NULL, 'Snyder', 30, 'Female', '3755 Hoop Ct.', 'Plano', 'TX', 75094, '412-678-9999', 'sarah@gmail.com');

--supervisor
INSERT INTO PERSON values ('eww123456', 'Elizabeth', 'W', 'Warren', 45, 'Female', '411 Woodlake St.', 'Allen', 'TX', 75013, '214-578-5599', 'liz@gmail.com');

--customer
INSERT INTO PERSON values ('ask170030', 'Ali', 'S', 'Khan', 35, 'Male', '300 Main St.', 'Plano', 'TX', 75082, '469-734-7670', 'princeali@gmail.com');
INSERT INTO PERSON values ('rxj177770', 'Ralph', 'S', 'John', 34, 'Male', '320 Main St.', 'Plano', 'TX', 75082, '469-754-7690', 'ralph@aol.com');
INSERT INTO PERSON values ('jxh170030', 'John', NULL, 'Hendrix', 50, 'Male', '703 Shelby Dr.', 'Plano', 'TX', 75082, '972-734-3370', 'jhendrix@gmail.com');


--potential employee
INSERT INTO PERSON values ('lxd777777', 'Luka', NULL, 'Doncic', 20, 'Male', '214 Dirk Dr.', 'Dallas', 'TX', 75044, '972-555-3350', 'luka77@mavs.com');
INSERT INTO PERSON values ('bjh123444', 'Becky', 'J', 'Hammond', 32, 'Female', '333 Beltline Rd.', 'Plano', 'TX', 75082, '972-838-3370', 'becky@omg.com');



select * from PERSON;


INSERT INTO EMPLOYEE values('abc170030', 'eww123456', 'rank1', 'title1');
INSERT INTO EMPLOYEE values('hxc123456', 'eww123456', 'rank2', 'title2');
INSERT INTO EMPLOYEE values('xqc123458', 'eww123456', 'rank3', 'title3');
INSERT INTO EMPLOYEE values('mkp170430', 'eww123456', 'rank4', 'title4');
INSERT INTO EMPLOYEE values('tcs170530', 'eww123456', 'rank5', 'title5');
INSERT INTO EMPLOYEE values('blj170430', 'eww123456', 'rank6', 'title6');
INSERT INTO EMPLOYEE values('sxs170050', 'eww123456', 'rank7', 'title7');
INSERT INTO EMPLOYEE values('eww123456', 'eww123456', 'rank8', 'title8');

INSERT INTO CUSTOMER values('ask170030', 'abc170030');
INSERT INTO CUSTOMER values('rxj177770', 'sxs170050');
INSERT INTO CUSTOMER values('jxh170030', 'sxs170050');


INSERT INTO POTENTIAL_EMPLOYEE values('lxd777777');
INSERT INTO POTENTIAL_EMPLOYEE values('bjh123444');



INSERT INTO MONTHLY_SALARY values ('abc170030', '1', TO_DATE('01/01/2019 12:00:25', 'MM/DD/YYYY HH24:MI:SS'), 10000);
INSERT INTO MONTHLY_SALARY values ('hxc123456', '1', TO_DATE('01/01/2019 12:00:25', 'MM/DD/YYYY HH24:MI:SS'), 2000);
INSERT INTO MONTHLY_SALARY values ('xqc123458', '2', TO_DATE('01/10/2019 14:10:25', 'MM/DD/YYYY HH24:MI:SS'), 4000);
INSERT INTO MONTHLY_SALARY values ('mkp170430', '3', TO_DATE('01/10/2019 14:10:25', 'MM/DD/YYYY HH24:MI:SS'), 4000);
INSERT INTO MONTHLY_SALARY values ('tcs170530', '4', TO_DATE('01/01/2019 12:00:25', 'MM/DD/YYYY HH24:MI:SS'), 1050);
INSERT INTO MONTHLY_SALARY values ('blj170430', '5', TO_DATE('01/10/2019 12:00:25', 'MM/DD/YYYY HH24:MI:SS'), 6000);
INSERT INTO MONTHLY_SALARY values ('sxs170050', '5', TO_DATE('01/10/2019 12:00:25', 'MM/DD/YYYY HH24:MI:SS'), 6790);
INSERT INTO MONTHLY_SALARY values ('eww123456', '5', TO_DATE('01/10/2019 12:00:25', 'MM/DD/YYYY HH24:MI:SS'), 10000);

INSERT INTO MONTHLY_SALARY values ('abc170030', '6', TO_DATE('02/01/2019 12:00:25', 'MM/DD/YYYY HH24:MI:SS'), 9000);
INSERT INTO MONTHLY_SALARY values ('hxc123456', '6', TO_DATE('02/01/2019 12:00:25', 'MM/DD/YYYY HH24:MI:SS'), 2500);
INSERT INTO MONTHLY_SALARY values ('xqc123458', '7', TO_DATE('02/10/2019 14:10:25', 'MM/DD/YYYY HH24:MI:SS'), 4400);
INSERT INTO MONTHLY_SALARY values ('mkp170430', '8', TO_DATE('02/10/2019 14:10:25', 'MM/DD/YYYY HH24:MI:SS'), 4500);
INSERT INTO MONTHLY_SALARY values ('tcs170530', '9', TO_DATE('02/01/2019 12:00:25', 'MM/DD/YYYY HH24:MI:SS'), 1000);
INSERT INTO MONTHLY_SALARY values ('blj170430', '10', TO_DATE('02/10/2019 12:00:25', 'MM/DD/YYYY HH24:MI:SS'), 7000);
INSERT INTO MONTHLY_SALARY values ('sxs170050', '10', TO_DATE('02/10/2019 12:00:25', 'MM/DD/YYYY HH24:MI:SS'), 8000);
INSERT INTO MONTHLY_SALARY values ('eww123456', '10', TO_DATE('02/10/2019 12:00:25', 'MM/DD/YYYY HH24:MI:SS'), 11000);

INSERT INTO DEPARTMENT values ('1', 'Research');
INSERT INTO DEPARTMENT values ('2', 'Marketing'); 
INSERT INTO DEPARTMENT values ('3', 'Administration'); 


INSERT INTO MARKETING_SITE values ('s1', 'Consumer Sales', 'TX');
INSERT INTO MARKETING_SITE values ('s2', 'Commercial Sales', 'TX');

INSERT INTO SHIFTS values ('1', 'abc170030', '3', NULL, TO_DATE('01/01/2019 08:00:25', 'MM/DD/YYYY HH24:MI:SS'), TO_DATE('01/01/2019 17:00:25', 'MM/DD/YYYY HH24:MI:SS'));
INSERT INTO SHIFTS values ('2', 'abc170030', '2', NULL, TO_DATE('01/02/2019 08:00:25', 'MM/DD/YYYY HH24:MI:SS'), TO_DATE('01/02/2019 17:00:25', 'MM/DD/YYYY HH24:MI:SS'));
INSERT INTO SHIFTS values ('3', 'hxc123456', NULL, 's1', TO_DATE('01/02/2019 08:00:25', 'MM/DD/YYYY HH24:MI:SS'), TO_DATE('01/02/2019 17:00:25', 'MM/DD/YYYY HH24:MI:SS'));
INSERT INTO SHIFTS values ('4', 'hxc123456', NULL, 's2', TO_DATE('01/05/2019 10:00:25', 'MM/DD/YYYY HH24:MI:SS'), TO_DATE('01/05/2019 13:30:00', 'MM/DD/YYYY HH24:MI:SS'));
INSERT INTO SHIFTS values ('5', 'xqc123458', '1', NULL, TO_DATE('02/05/2019 07:00:25', 'MM/DD/YYYY HH24:MI:SS'), TO_DATE('02/05/2019 13:30:00', 'MM/DD/YYYY HH24:MI:SS'));
INSERT INTO SHIFTS values ('6', 'mkp170430', '1', NULL, TO_DATE('02/06/2019 10:00:25', 'MM/DD/YYYY HH24:MI:SS'), TO_DATE('02/06/2019 17:30:00', 'MM/DD/YYYY HH24:MI:SS'));
INSERT INTO SHIFTS values ('7', 'tcs170530', '2', NULL, TO_DATE('02/07/2019 10:00:25', 'MM/DD/YYYY HH24:MI:SS'), TO_DATE('02/07/2019 20:30:00', 'MM/DD/YYYY HH24:MI:SS'));
INSERT INTO SHIFTS values ('8', 'blj170430', NULL, 's2', TO_DATE('02/15/2019 10:00:25', 'MM/DD/YYYY HH24:MI:SS'), TO_DATE('02/15/2019 20:00:00', 'MM/DD/YYYY HH24:MI:SS'));
INSERT INTO SHIFTS values ('9', 'sxs170050', NULL, 's1', TO_DATE('02/15/2019 10:00:25', 'MM/DD/YYYY HH24:MI:SS'), TO_DATE('02/15/2019 16:30:00', 'MM/DD/YYYY HH24:MI:SS'));
INSERT INTO SHIFTS values ('10', 'eww123456', '3', NULL, TO_DATE('02/17/2019 09:00:25', 'MM/DD/YYYY HH24:MI:SS'), TO_DATE('02/17/2019 15:30:00', 'MM/DD/YYYY HH24:MI:SS'));



INSERT INTO PRODUCT values ('123', 'type1', 'style1', '1x1x1', 10.30, 5.00);  
INSERT INTO PRODUCT values ('124', 'type2', 'style2', '2x1x6', 5.00, 1.00);  
INSERT INTO PRODUCT values ('125', 'type3', 'style3', '6x6x6', 20.00, 5.10);  
INSERT INTO PRODUCT values ('126', 'type4', 'style4', '20x10x15', 550.00, 20.20);  
INSERT INTO PRODUCT values ('127', 'type5', 'style5', '3x3x3', 100.30, 6.70);  
INSERT INTO PRODUCT values ('128', 'type6', 'style6', '10x10x10', 2500.30, 50.70);  
INSERT INTO PRODUCT values ('129', 'type7', 'style7', '1x1x0.5', 200.00, 0.5);


INSERT INTO SALES values ('1', '123', TO_DATE('01/07/2019 10:00:25', 'MM/DD/YYYY HH24:MI:SS'), 's1', 'ask170030', 'abc170030');
INSERT INTO SALES values ('2', '126', TO_DATE('01/07/2019 11:00:25', 'MM/DD/YYYY HH24:MI:SS'), 's2', 'rxj177770', 'abc170030');
INSERT INTO SALES values ('3', '126', TO_DATE('01/08/2019 12:20:25', 'MM/DD/YYYY HH24:MI:SS'), 's2', 'rxj177770', 'abc170030');
INSERT INTO SALES values ('4', '125', TO_DATE('01/09/2019 12:09:05', 'MM/DD/YYYY HH24:MI:SS'), 's1', 'jxh170030', 'mkp170430');
INSERT INTO SALES values ('5', '124', TO_DATE('01/09/2019 14:06:00', 'MM/DD/YYYY HH24:MI:SS'), 's1', 'jxh170030', 'tcs170530');
INSERT INTO SALES values ('6', '127', TO_DATE('02/01/2019 20:06:00', 'MM/DD/YYYY HH24:MI:SS'), 's2', 'ask170030', 'tcs170530');
INSERT INTO SALES values ('7', '126', TO_DATE('02/01/2019 22:06:00', 'MM/DD/YYYY HH24:MI:SS'), 's2', 'jxh170030', 'abc170030');
INSERT INTO SALES values ('8', '123', TO_DATE('02/02/2019 22:06:00', 'MM/DD/YYYY HH24:MI:SS'), 's1', 'jxh170030', 'blj170430');
INSERT INTO SALES values ('9', '123', TO_DATE('03/02/2011 22:06:00', 'MM/DD/YYYY HH24:MI:SS'), 's1', 'jxh170030', 'abc170030');



INSERT INTO JOB_POSITION values ('12345', '1', TO_DATE('01/01/2011 22:06:00', 'MM/DD/YYYY HH24:MI:SS'), 'Entry Research Role');
INSERT INTO JOB_POSITION values ('12346', '2', TO_DATE('01/01/2019 09:06:00', 'MM/DD/YYYY HH24:MI:SS'), 'Management Position');
INSERT INTO JOB_POSITION values ('12347', '3', TO_DATE('01/06/2019 09:06:00', 'MM/DD/YYYY HH24:MI:SS'), 'System Admin');
INSERT INTO JOB_POSITION values ('11111', '3', TO_DATE('01/07/2019 09:06:00', 'MM/DD/YYYY HH24:MI:SS'), 'Accountant');
INSERT INTO JOB_POSITION values ('300', '1', TO_DATE('01/07/2016 09:06:00', 'MM/DD/YYYY HH24:MI:SS'), 'Job1');
INSERT INTO JOB_POSITION values ('301', '2', TO_DATE('01/07/2016 09:06:00', 'MM/DD/YYYY HH24:MI:SS'), 'Job2');
INSERT INTO JOB_POSITION values ('302', '3', TO_DATE('01/07/2016 09:06:00', 'MM/DD/YYYY HH24:MI:SS'), 'Job3');
INSERT INTO JOB_POSITION values ('303', '2', TO_DATE('01/07/2016 09:06:00', 'MM/DD/YYYY HH24:MI:SS'), 'Job4');


INSERT INTO APPLICATIONS values ('12345', 'tcs170530');
INSERT INTO APPLICATIONS values ('12345', 'xqc123458');
INSERT INTO APPLICATIONS values ('12345', 'lxd777777');
INSERT INTO APPLICATIONS values ('12346', 'bjh123444');
INSERT INTO APPLICATIONS values ('12347', 'mkp170430');
INSERT INTO APPLICATIONS values ('12347', 'tcs170530');
INSERT INTO APPLICATIONS values ('11111', 'hxc123456');


INSERT INTO INTERVIEW values ('12345', 'tcs170530', 1, 'abc170030', TO_DATE('01/10/2011 09:06:00', 'MM/DD/YYYY HH24:MI:SS'), 90);
INSERT INTO INTERVIEW values ('12345', 'tcs170530', 2, 'eww123456', TO_DATE('01/20/2011 09:06:00', 'MM/DD/YYYY HH24:MI:SS'), 75);
INSERT INTO INTERVIEW values ('12345', 'tcs170530', 3, 'eww123456', TO_DATE('01/22/2011 09:00:00', 'MM/DD/YYYY HH24:MI:SS'), 80);
INSERT INTO INTERVIEW values ('12345', 'tcs170530', 4, 'eww123456', TO_DATE('01/26/2011 09:06:00', 'MM/DD/YYYY HH24:MI:SS'), 75);
INSERT INTO INTERVIEW values ('12345', 'tcs170530', 5, 'eww123456', TO_DATE('01/27/2011 09:06:00', 'MM/DD/YYYY HH24:MI:SS'), 90);

INSERT INTO INTERVIEW values ('12345', 'xqc123458', 1, 'abc170030', TO_DATE('01/10/2011 09:06:00', 'MM/DD/YYYY HH24:MI:SS'), 20);
INSERT INTO INTERVIEW values ('12345', 'lxd777777', 1, 'abc170030', TO_DATE('01/10/2011 09:06:00', 'MM/DD/YYYY HH24:MI:SS'), 100);
INSERT INTO INTERVIEW values ('12345', 'lxd777777', 2, 'eww123456', TO_DATE('01/12/2011 09:06:00', 'MM/DD/YYYY HH24:MI:SS'), 20);
INSERT INTO INTERVIEW values ('12345', 'lxd777777', 3, 'eww123456', TO_DATE('01/16/2011 09:45:00', 'MM/DD/YYYY HH24:MI:SS'), 85);
INSERT INTO INTERVIEW values ('12345', 'lxd777777', 4, 'eww123456', TO_DATE('02/01/2011 09:45:00', 'MM/DD/YYYY HH24:MI:SS'), 95);
INSERT INTO INTERVIEW values ('12346', 'bjh123444', 1, 'mkp170430', TO_DATE('02/02/2019 09:45:00', 'MM/DD/YYYY HH24:MI:SS'), 15);
INSERT INTO INTERVIEW values ('12347', 'mkp170430', 1, 'eww123456', TO_DATE('02/04/2019 09:45:00', 'MM/DD/YYYY HH24:MI:SS'), 30);
INSERT INTO INTERVIEW values ('12347', 'tcs170530', 1, 'abc170030', TO_DATE('02/08/2019 09:45:00', 'MM/DD/YYYY HH24:MI:SS'), 80);
INSERT INTO INTERVIEW values ('12347', 'tcs170530', 1, 'abc170030', TO_DATE('02/08/2019 09:45:00', 'MM/DD/YYYY HH24:MI:SS'), 80);

INSERT INTO INTERVIEW values ('11111', 'hxc123456', 1, 'abc170030', TO_DATE('02/08/2019 09:45:00', 'MM/DD/YYYY HH24:MI:SS'), 80);
INSERT INTO INTERVIEW values ('11111', 'hxc123456', 2, 'mkp170430', TO_DATE('02/10/2019 09:45:00', 'MM/DD/YYYY HH24:MI:SS'), 85);
INSERT INTO INTERVIEW values ('11111', 'hxc123456', 3, 'eww123456', TO_DATE('02/12/2019 09:25:00', 'MM/DD/YYYY HH24:MI:SS'), 90);
INSERT INTO INTERVIEW values ('11111', 'hxc123456', 4, 'eww123456', TO_DATE('02/13/2019 09:25:00', 'MM/DD/YYYY HH24:MI:SS'), 90);
INSERT INTO INTERVIEW values ('11111', 'hxc123456', 5, 'sxs170050', TO_DATE('02/14/2019 09:25:00', 'MM/DD/YYYY HH24:MI:SS'), 100);



INSERT INTO VENDOR values ('200', 'Vendor A', 12345, 750, 'Richardson', 'TX', 75082, 'vendora.com');
INSERT INTO VENDOR values ('201', 'Vendor B', 12346, 780, 'Richardson', 'TX', 75082, 'vendorb.com');
INSERT INTO VENDOR values ('202', 'Vendor C', 12347, 820, 'Dallas', 'TX', 75095, 'vendorc.com');

INSERT INTO PART values ('100', '200', 'type1', 20, 5);
INSERT INTO PART values ('101', '200', 'type2', 1.00, 0.2);
INSERT INTO PART values ('102', '200', 'type3',0.95, 0.5);
INSERT INTO PART values ('103', '201', 'type4', 200.00, 1.5);
INSERT INTO PART values ('108', '201', 'type5', 10.50, 2.5);
INSERT INTO PART values ('104', '202', 'type6', 300, 10);
INSERT INTO PART values ('105', '202', 'type7', 50, 20);
INSERT INTO PART values ('106', '202', 'type8', 100, 30);
INSERT INTO PART values ('107', '201', 'type9', 0.5, 0.2); 
INSERT INTO PART values ('110', '200', 'cup', 0.5, 1.5);
INSERT INTO PART values ('109', '201', 'cup', 1.20, 1.5); 



INSERT INTO PRODUCT_PARTS values ('123', '100', 1);
INSERT INTO PRODUCT_PARTS values ('123', '101', 2);
INSERT INTO PRODUCT_PARTS values ('124', '107', 3);
INSERT INTO PRODUCT_PARTS values ('125', '108', 1);
INSERT INTO PRODUCT_PARTS values ('125', '101', 2);
INSERT INTO PRODUCT_PARTS values ('126', '108', 3);
INSERT INTO PRODUCT_PARTS values ('126', '104', 1);
INSERT INTO PRODUCT_PARTS values ('127', '107', 10);
INSERT INTO PRODUCT_PARTS values ('127', '100', 1);
INSERT INTO PRODUCT_PARTS values ('128', '100', 3);
INSERT INTO PRODUCT_PARTS values ('128', '106', 1);
INSERT INTO PRODUCT_PARTS values ('128', '104', 4);
INSERT INTO PRODUCT_PARTS values ('129', '106', 2);



INSERT INTO PART_PURCHASE values ('200', '100');
INSERT INTO PART_PURCHASE values ('200', '104');
INSERT INTO PART_PURCHASE values ('200', '105');
INSERT INTO PART_PURCHASE values ('200', '103');
INSERT INTO PART_PURCHASE values ('200', '102');
INSERT INTO PART_PURCHASE values ('201', '109');
INSERT INTO PART_PURCHASE values ('201', '108');
INSERT INTO PART_PURCHASE values ('201', '106');
INSERT INTO PART_PURCHASE values ('201', '105');
INSERT INTO PART_PURCHASE values ('202', '100');
INSERT INTO PART_PURCHASE values ('202', '102');
INSERT INTO PART_PURCHASE values ('202', '105');
INSERT INTO PART_PURCHASE values ('202', '106');


INSERT INTO CLOSED_POSITIONS values ('300', 'abc170030', '1');
INSERT INTO CLOSED_POSITIONS values ('301', 'abc170030', '2');
INSERT INTO CLOSED_POSITIONS values ('302', 'abc170030', '3');
INSERT INTO CLOSED_POSITIONS values ('303', 'eww123456', '2');




